"EVI","SBZ"
0.384678148057496,"Mitte"
0.411062623012644,"Nordost"
0.404146497748794,"Ost"
0.39430771417307,"Südost"
0.582504778947522,"Süd"
0.373808376425411,"Südwest"
0.390518108427974,"West"
0.455126934358763,"Alt-West"
0.431802212711674,"Nordwest"
0.324513288451063,"Nord"
