"","EVI","Name"
"1",0.248988183689402,"Mitte"
"2",0.274725055016016,"Nordost"
"3",0.28357399973209,"Ost"
"4",0.264149240178363,"Südost"
"5",0.390390024062411,"Süd"
"6",0.273541766764235,"Südwest"
"7",0.275064676181527,"West"
"8",0.324855228644264,"Alt-West"
"9",0.300782052787073,"Nordwest"
"10",0.228511334433317,"Nord"
