"","EVI","Name"
"1",0.24259233641291,"Mitte"
"2",0.276594294997758,"Nordost"
"3",0.278241308826415,"Ost"
"4",0.286690514503899,"Südost"
"5",0.380168144030105,"Süd"
"6",13855225.4874351,"Südwest"
"7",0.282858108232476,"West"
"8",0.315139117933634,"Alt-West"
"9",0.309589241947422,"Nordwest"
"10",0.251544623145641,"Nord"
